{"cameraMode":{"drawMode":0,"name":"Shaded","section":"Shading Mode"},"sceneLighting":false,"audioPlay":false,"sceneViewState":{"showFog":true,"showMaterialUpdate":false,"showSkybox":true,"showFlares":true,"showImageEffects":true,"showParticleSystems":true},"in2DMode":false,"pivot":{"x":10.355873107910157,"y":-2.511984348297119,"z":-14.957595825195313},"rotation":{"x":0.2627137005329132,"y":0.4849291741847992,"z":-0.15544843673706056,"w":0.8195493221282959},"size":46.44740676879883,"orthographic":false}